year,jazz,rock,electronic,pop,country,folk,soul,blues,funk,"hip hop"
2015,83527,345883,25212,317301,37463,25338,9334,26157,4435,32576
2016,75854,314494,20408,281793,33177,20365,9837,22065,4407,27737
2017,67401,286497,17899,272127,30225,17733,9645,21838,4420,24420
2018,45650,183591,12041,176697,20370,11260,5514,14177,2304,13159
2019,62203,236762,16056,226591,29458,14913,6702,18504,3629,14925
2020,16665,64581,4133,60954,9068,4277,1864,4986,1006,3562
2021,29894,112057,7037,105420,14685,7443,3425,8812,1748,5859
2022,28713,113147,6078,101185,13619,6413,3513,9029,1313,5650
2023,29010,116573,6973,106165,14087,6996,3077,9208,1194,6218
