year,month,jazz,rock,electronic,pop,country,folk,soul,blues,funk,"hip hop"
2015,1,7704,31800,2318,29606,3362,2466,901,2355,354,3043
2015,2,7068,29305,2106,27529,3142,2086,755,2098,418,2946
2015,3,8191,31665,2257,29691,3149,2397,819,2273,447,3333
2015,4,7420,29342,2267,27702,2916,2255,768,2298,380,2963
2015,5,6694,28467,2037,26657,3164,2005,736,2233,352,2785
2015,6,6210,28855,2118,26676,2951,2144,743,2271,336,2774
2015,7,6680,28473,2110,25745,3040,2019,716,2197,341,2734
2015,8,6574,27873,2023,25582,3370,2074,853,2158,362,2763
2015,9,6433,28396,1944,25309,3168,1963,801,2159,345,2411
2015,10,6784,28944,2031,25223,3122,2004,795,2027,362,2315
2015,11,7062,26408,1972,23590,3151,1870,706,2100,369,2186
2015,12,6707,26355,2029,23991,2928,2055,741,1988,369,2323
2016,1,7247,29044,2244,26776,2842,2069,797,2080,348,2686
2016,2,6281,26609,1827,23589,2842,1825,771,1916,359,2177
2016,3,6613,29460,1975,26539,2950,2128,868,1973,352,2799
2016,4,6491,28037,1927,24112,3011,1627,760,1976,322,2454
2016,5,6821,26273,1635,22219,2976,1481,759,1781,308,2233
2016,6,6360,26026,1487,22880,2786,1559,741,1754,326,2260
2016,7,6062,26074,1509,22613,2892,1423,692,1591,284,2180
2016,8,5993,26303,1664,23775,2756,1497,923,1799,399,2335
2016,9,6153,24017,1529,21925,2477,1527,886,1718,483,2126
2016,10,6048,24629,1656,22530,2505,1718,893,1775,424,2215
2016,11,5475,23736,1492,22102,2586,1837,899,1848,414,2148
2016,12,6310,24286,1463,22733,2554,1674,848,1854,388,2124
2017,1,6416,25499,1609,24209,2670,1962,888,1952,386,2213
2017,2,3868,15063,1006,14355,1501,1081,542,1188,295,1489
2017,3,6278,25364,1511,24752,2704,1741,992,2254,491,2478
2017,4,5819,23133,1413,22336,2392,1436,852,1864,395,2387
2017,5,6323,25459,1706,23979,2644,1440,839,1987,392,2244
2017,6,5752,25226,1542,23992,2701,1534,870,2065,360,2060
2017,7,5720,25756,1586,23898,2623,1416,795,1855,369,1962
2017,8,5479,25542,1489,24348,2819,1497,875,1922,394,2181
2017,9,5452,24974,1661,23111,2926,1478,811,1784,327,1904
2017,10,5948,25504,1566,24031,2719,1453,818,1755,343,2047
2017,11,5428,23602,1491,22615,2417,1481,705,1645,341,1861
2017,12,4918,21375,1319,20501,2109,1214,658,1567,327,1594
2018,3,2340,8802,561,8665,876,539,237,606,101,680
2018,4,6078,24159,1658,23913,2526,1560,694,1917,356,2067
2018,5,5356,21553,1420,21405,2441,1295,657,1805,323,1700
2018,6,5052,22506,1330,21798,2463,1458,680,1729,277,1693
2018,7,5173,21748,1387,20589,2230,1565,587,1572,249,1490
2018,8,3636,14716,948,14381,1724,922,436,1089,167,1093
2018,9,1288,5106,354,4961,617,246,142,407,55,401
2018,10,5383,21710,1454,20469,2423,1158,640,1637,215,1392
2018,11,5659,21129,1519,20023,2603,1256,715,1651,281,1313
2018,12,5685,22162,1410,20493,2467,1261,726,1764,280,1330
2019,1,6040,23447,1657,22532,2819,1369,711,1807,294,1629
2019,2,5557,19015,1231,18631,2200,1090,575,1347,255,1371
2019,3,5526,21154,1339,20304,2412,1291,610,1732,311,1508
2019,4,5637,21005,1556,20212,2446,1203,558,1480,346,1420
2019,5,5807,20173,1402,19683,2229,1174,582,1415,323,1198
2019,6,5425,19634,1315,19354,2316,1173,567,1543,340,1278
2019,7,5473,19788,1397,19547,2110,1340,575,1728,343,1286
2019,8,4712,19268,1435,18796,2309,1250,556,1715,325,1190
2019,9,4025,17561,1138,16640,2342,1120,480,1366,304,1086
2019,10,4516,19555,1334,17791,2838,1306,510,1473,253,1009
2019,11,4856,18140,1103,16676,2819,1410,495,1561,278,899
2019,12,4629,18022,1149,16425,2618,1187,483,1337,257,1051
2020,1,5152,19628,1169,18585,2793,1290,623,1634,317,1114
2020,2,3987,15273,910,13706,1946,906,407,1073,261,910
2020,3,2295,9126,520,8138,1217,484,246,720,149,506
2020,4,0,0,0,3,0,2,0,0,0,0
2020,7,0,0,0,0,0,0,0,0,0,0
2020,8,243,711,61,733,113,58,15,55,12,51
2020,9,942,3533,274,3592,592,312,105,295,46,185
2020,10,1134,4866,381,5044,709,385,130,353,60,266
2020,11,1224,4761,321,4652,683,355,167,400,68,223
2020,12,1688,6683,497,6501,1015,485,171,456,93,307
2021,1,1914,6965,540,7467,973,490,212,530,108,400
2021,2,2255,6916,558,7633,947,470,277,619,129,594
2021,3,2431,7759,605,7887,1247,591,230,579,138,449
2021,4,2343,7425,505,7240,1054,531,245,627,135,371
2021,5,2191,7659,496,7407,943,533,204,572,148,382
2021,6,2241,8878,491,7919,1148,659,281,785,148,405
2021,7,2502,10256,612,9906,1329,697,268,764,157,572
2021,8,2726,11420,746,10212,1449,698,311,867,152,543
2021,9,2982,11861,656,10724,1593,797,402,918,165,582
2021,10,2702,11567,682,10194,1429,723,378,916,196,586
2021,11,2890,11194,520,9736,1362,612,330,875,164,556
2021,12,2717,10157,626,9095,1211,642,287,760,108,419
2022,1,3079,12791,552,11021,1538,819,373,1089,138,678
2022,2,3015,10237,516,9667,1241,688,343,849,116,706
2022,3,2958,11679,650,10409,1411,693,426,855,148,582
2022,4,3032,11749,547,10586,1370,662,373,871,152,485
2022,5,3168,11531,587,10284,1425,581,382,847,148,598
2022,6,2780,10780,603,9853,1418,608,371,937,149,508
2022,7,2097,9226,526,8540,1264,551,290,727,101,449
2022,8,2404,10698,651,9287,1188,554,313,872,89,512
2022,9,2424,10777,535,9209,1228,481,300,834,144,519
2022,10,189,368,22,349,30,14,8,39,1,14
2022,11,699,2885,180,2530,309,184,59,238,18,122
2022,12,2868,10426,709,9450,1197,578,275,871,109,477
2023,1,3185,12485,808,10746,1391,839,341,1058,118,528
2023,2,2819,10586,717,9339,1327,656,315,919,126,465
2023,3,3023,11307,704,10294,1416,749,311,902,82,532
2023,4,2846,10935,831,10188,1269,678,276,913,120,434
2023,5,2621,9758,627,9112,1090,500,250,777,96,653
2023,6,2473,9639,529,8743,1233,601,229,733,82,668
2023,7,2220,9372,550,9135,1085,562,266,707,90,715
2023,8,2393,10624,531,9673,1464,567,255,741,124,687
2023,9,2120,9661,468,8568,1139,557,237,686,81,492
2023,10,2037,9539,523,8550,1076,544,250,751,86,426
2023,11,2449,9088,524,8528,1131,529,242,714,135,458
2023,12,824,3579,161,3289,466,214,105,307,54,160
